first_name,last_name,email
Chrissie,Tovey,ctovey0@typepad.com
Huey,Kinlock,hkinlock1@blogspot.com
Sonja,O'Hern,sohern2@e-recht24.de
Somerset,Klimkin,sklimkin3@archive.org
Holmes,Sweatman,hsweatman4@skyrock.com
Salaidh,Petley,spetley5@cmu.edu
Maxie,Ellissen,mellissen6@cam.ac.uk
Bernice,Dimmock,bdimmock7@biglobe.ne.jp
Georgetta,Farrimond,gfarrimond8@disqus.com
Avie,Cowdrey,acowdrey9@google.co.jp
Berk,Steger,bstegera@cmu.edu
Elwyn,Batho,ebathob@msu.edu
Brinna,Guiel,bguielc@ftc.gov
Winifield,Streetley,wstreetleyd@a8.net
Terri-jo,Ceaser,tceasere@timesonline.co.uk
Darrick,Embra,dembraf@japanpost.jp
Pauly,Comino,pcominog@xing.com
Marget,Raiston,mraistonh@csmonitor.com
Regen,Creswell,rcreswelli@telegraph.co.uk
Ariel,Rearden,areardenj@vkontakte.ru
Whit,Nesbeth,wnesbethk@sakura.ne.jp
Maurizia,Tolhurst,mtolhurstl@sourceforge.net
Romona,Flux,rfluxm@etsy.com
Cati,Simmins,csimminsn@redcross.org
Tania,Quakley,tquakleyo@xrea.com
Yale,Walcot,ywalcotp@independent.co.uk
Bat,Hew,bhewq@ucoz.com
Letisha,Iveans,liveansr@wisc.edu
Tiphanie,O'Heagertie,toheagerties@angelfire.com
Morrie,Pichmann,mpichmannt@nba.com
Robers,Teague,rteagueu@discuz.net
Arleen,Postles,apostlesv@youku.com
Colby,Blewmen,cblewmenw@joomla.org
Dolf,Timms,dtimmsx@g.co
Pearle,Cheeke,pcheekey@i2i.jp
Lamar,Mutton,lmuttonz@seattletimes.com
Amalie,Firidolfi,afiridolfi10@economist.com
Hailey,Swynley,hswynley11@princeton.edu
Nanni,Alstead,nalstead12@miibeian.gov.cn
Bernie,Roback,broback13@wisc.edu
Dori,Parker,dparker14@statcounter.com
Willis,Fasham,wfasham15@mac.com
Kathye,Attarge,kattarge16@guardian.co.uk
Ailbert,Lyburn,alyburn17@youtube.com
Cami,Brookwell,cbrookwell18@si.edu
Doroteya,Hyde-Chambers,dhydechambers19@xrea.com
Dorry,July,djuly1a@about.com
Mariette,Le Cornu,mlecornu1b@addthis.com
Carmelina,Overil,coveril1c@smugmug.com
Cody,Sturgeon,csturgeon1d@google.co.jp
Caye,Yarnton,cyarnton1e@japanpost.jp
Claudian,Furmagier,cfurmagier1f@miibeian.gov.cn
Flin,Gilling,fgilling1g@github.io
Brose,Bonnin,bbonnin1h@technorati.com
Lelia,Nacey,lnacey1i@dailymail.co.uk
Catlaina,Airds,cairds1j@lulu.com
Jaimie,McChruiter,jmcchruiter1k@nydailynews.com
Carmen,Grinter,cgrinter1l@vk.com
Jacob,Huntriss,jhuntriss1m@over-blog.com
Josee,Atger,jatger1n@ocn.ne.jp
Kylila,Noah,knoah1o@elpais.com
Shalne,O'Shields,soshields1p@infoseek.co.jp
Fedora,Pearcehouse,fpearcehouse1q@dot.gov
Efren,Gobbet,egobbet1r@vinaora.com
Perle,Moralas,pmoralas1s@gmpg.org
Clerkclaude,Antrim,cantrim1t@dion.ne.jp
Brendon,Goard,bgoard1u@dmoz.org
Ewell,Peverell,epeverell1v@ft.com
Delly,McLernon,dmclernon1w@china.com.cn
Maitilde,Coiley,mcoiley1x@wunderground.com
Weylin,Shew,wshew1y@nature.com
Thain,Pond,tpond1z@yelp.com
Helena,Lutwidge,hlutwidge20@skype.com
Billy,Kellie,bkellie21@ihg.com
Aubert,Feary,afeary22@state.gov
Jolene,Brockley,jbrockley23@wordpress.org
Jocelyne,Donwell,jdonwell24@cbc.ca
Hart,Camock,hcamock25@stanford.edu
Roddie,Preston,rpreston26@epa.gov
Minnie,Flisher,mflisher27@squidoo.com
Iago,McMurty,imcmurty28@simplemachines.org
Giulietta,Tackle,gtackle29@geocities.jp
Berte,Serman,bserman2a@a8.net
Bianca,Klassmann,bklassmann2b@furl.net
Karim,Beeck,kbeeck2c@marketwatch.com
Isadora,Ashburne,iashburne2d@last.fm
Elsa,Skottle,eskottle2e@nsw.gov.au
Frants,Eustes,feustes2f@icio.us
Wilbert,Cucinotta,wcucinotta2g@artisteer.com
Berri,Revans,brevans2h@va.gov
Jeremy,Tuison,jtuison2i@shareasale.com
Karee,Hannen,khannen2j@princeton.edu
Dev,Gyngyll,dgyngyll2k@mapquest.com
Andre,Abethell,aabethell2l@ox.ac.uk
Raven,Dillway,rdillway2m@ezinearticles.com
Pace,Vila,pvila2n@sciencedaily.com
Eada,McKune,emckune2o@japanpost.jp
Albie,Fery,afery2p@scribd.com
Mortie,Brickner,mbrickner2q@smh.com.au
Camile,Wonham,cwonham2r@constantcontact.com
Thorn,Vautier,tvautier2s@ocn.ne.jp
Benedetto,Swyre,bswyre2t@ted.com
Alla,Ammer,aammer2u@mtv.com
Elisha,Schanke,eschanke2v@bloomberg.com
Reube,Dincke,rdincke2w@tuttocitta.it
Nedi,Ramsbottom,nramsbottom2x@creativecommons.org
Horace,Bebb,hbebb2y@tamu.edu
Clayton,Ende,cende2z@ebay.co.uk
Ringo,O'Kennedy,rokennedy30@geocities.jp
Gerrard,Jedras,gjedras31@github.com
Pen,Bernetti,pbernetti32@jigsy.com
Bax,Salatino,bsalatino33@networkadvertising.org
Janek,Arlet,jarlet34@usnews.com
Lodovico,Plaistowe,lplaistowe35@uol.com.br
Granger,Wardlow,gwardlow36@java.com
Ximenez,Bugdale,xbugdale37@usgs.gov
Zita,McEnery,zmcenery38@dedecms.com
Lynna,Sambrok,lsambrok39@cloudflare.com
Shanie,Lawrey,slawrey3a@prnewswire.com
Gerrie,Sambles,gsambles3b@elegantthemes.com
Sylvia,Scattergood,sscattergood3c@google.it
Chelsie,Medley,cmedley3d@xrea.com
Nicolle,Louw,nlouw3e@sciencedirect.com
Jammal,Leslie,jleslie3f@archive.org
Vinson,Tiebe,vtiebe3g@ow.ly
Madlin,McClements,mmcclements3h@csmonitor.com
Babette,MacLice,bmaclice3i@intel.com
Rasia,Tod,rtod3j@census.gov
Essie,Plumridege,eplumridege3k@acquirethisname.com
Hollie,Puckring,hpuckring3l@istockphoto.com
Nerita,Jacop,njacop3m@nhs.uk
Berthe,Baddow,bbaddow3n@joomla.org
Portia,Reame,preame3o@blogger.com
Taffy,Tidbury,ttidbury3p@about.me
Gaylene,Giblin,ggiblin3q@patch.com
Dru,Alder,dalder3r@issuu.com
Nadean,Kamall,nkamall3s@mashable.com
Nappie,Dekeyser,ndekeyser3t@biglobe.ne.jp
Natka,McClounan,nmcclounan3u@arizona.edu
Amble,Veryard,averyard3v@wordpress.com
Heath,Drei,hdrei3w@uol.com.br
Vitia,Conigsby,vconigsby3x@cafepress.com
Clemente,Belhome,cbelhome3y@weebly.com
Lonnard,McCroft,lmccroft3z@hibu.com
Vonny,Dugdale,vdugdale40@example.com
Quentin,Metschke,qmetschke41@godaddy.com
Caleb,Hadlington,chadlington42@ifeng.com
Kaylil,Cabedo,kcabedo43@prlog.org
Conn,Mayward,cmayward44@hibu.com
Alleen,Stearns,astearns45@amazonaws.com
Rich,Farmer,rfarmer46@wisc.edu
Otes,Perot,operot47@goo.ne.jp
Harrietta,Lukovic,hlukovic48@fastcompany.com
Marv,Behninck,mbehninck49@boston.com
Jacquenetta,Elwood,jelwood4a@hc360.com
Lucais,Camous,lcamous4b@bluehost.com
Clara,Ranscomb,cranscomb4c@unblog.fr
Clemens,Pearlman,cpearlman4d@dropbox.com
Andrej,Lockhurst,alockhurst4e@soup.io
Albertina,Sidsaff,asidsaff4f@engadget.com
Ulysses,Franckton,ufranckton4g@netlog.com
Pincus,O'Hara,pohara4h@tripadvisor.com
Molli,Latour,mlatour4i@sfgate.com
Olympe,Buxsy,obuxsy4j@desdev.cn
Joey,Bool,jbool4k@gravatar.com
Derry,Flatman,dflatman4l@instagram.com
Ailsun,Mordy,amordy4m@ow.ly
Farrand,Bigland,fbigland4n@cbc.ca
Hadrian,Birnie,hbirnie4o@skyrock.com
Graeme,Albany,galbany4p@cocolog-nifty.com
Seward,Mather,smather4q@salon.com
Carter,Kanwell,ckanwell4r@xinhuanet.com
Estevan,Wormell,ewormell4s@360.cn
Aretha,Lovatt,alovatt4t@mashable.com
Issiah,Mc Coughan,imccoughan4u@aboutads.info
Clarette,Moffett,cmoffett4v@sciencedaily.com
Tyne,Ambrosio,tambrosio4w@businesswire.com
Lezley,Meaker,lmeaker4x@sogou.com
Roselia,Prickett,rprickett4y@nasa.gov
Olympia,Grunnell,ogrunnell4z@fda.gov
Conan,Boase,cboase50@harvard.edu
Killian,Biggen,kbiggen51@prlog.org
Noella,Godmer,ngodmer52@squarespace.com
Jorry,Issakov,jissakov53@ft.com
Ogden,Bierling,obierling54@phpbb.com
Karie,Babington,kbabington55@angelfire.com
Neville,Flatte,nflatte56@si.edu
Herby,Desporte,hdesporte57@springer.com
Milli,Burne,mburne58@jugem.jp
Lucilia,Kieran,lkieran59@china.com.cn
Saudra,Vondracek,svondracek5a@woothemes.com
Florrie,Davey,fdavey5b@washington.edu
Jarred,Secker,jsecker5c@qq.com
Jayme,Ciobutaru,jciobutaru5d@wired.com
Barr,Bohin,bbohin5e@go.com
Hilarius,Bonicelli,hbonicelli5f@bloomberg.com
Murry,McEnhill,mmcenhill5g@bizjournals.com
Siward,Cracker,scracker5h@stumbleupon.com
Bert,Crecy,bcrecy5i@accuweather.com
Simone,Livingston,slivingston5j@vinaora.com
