first_name,last_name,email
Erl,Phelan,ephelan0@oakley.com
Mariana,Perton,mperton1@zdnet.com
Conan,Van Arsdale,cvanarsdale2@marketwatch.com
Zeb,Letrange,zletrange3@dropbox.com
Dinny,Ferdinand,dferdinand4@wikipedia.org
Koressa,Bearman,kbearman5@discovery.com
Tabb,Trudgeon,ttrudgeon6@ask.com
Thornie,Leaman,tleaman7@sohu.com
Elihu,Pressey,epressey8@miitbeian.gov.cn
Juliane,Shenton,jshenton9@globo.com
Stephan,Duce,sducea@earthlink.net
Dorey,Chart,dchartb@marriott.com
Annetta,Dorgan,adorganc@cam.ac.uk
Georgeanna,Woolner,gwoolnerd@imdb.com
Petr,Cairney,pcairneye@naver.com
Florencia,Kirstein,fkirsteinf@deliciousdays.com
Neda,Shitliff,nshitliffg@furl.net
Katey,Crummie,kcrummieh@woothemes.com
Isahella,Harkess,iharkessi@nasa.gov
Dorree,Dodshon,ddodshonj@linkedin.com
Cortie,Ponnsett,cponnsettk@squarespace.com
Arline,Geaveny,ageavenyl@cisco.com
Kermit,Allcott,kallcottm@phpbb.com
Eachelle,Cawthorne,ecawthornen@hud.gov
Ferris,Deshon,fdeshono@ihg.com
Elberta,Frazier,efrazierp@ucoz.com
Rebecca,Cooke,rcookeq@latimes.com
Arnold,Francillo,afrancillor@geocities.com
Shelba,Thebes,sthebess@mtv.com
Sybille,Fassbindler,sfassbindlert@state.tx.us
Ivory,Lowless,ilowlessu@wikipedia.org
Dyane,Dibdin,ddibdinv@cbsnews.com
Lu,Boddy,lboddyw@desdev.cn
Querida,Beartup,qbeartupx@nasa.gov
Blake,Sommerled,bsommerledy@cbslocal.com
Shurlocke,Yarrington,syarringtonz@sina.com.cn
Minnie,Richt,mricht10@baidu.com
Alethea,Buddell,abuddell11@weather.com
Loralee,Ilyin,lilyin12@amazon.com
Antoinette,Mularkey,amularkey13@tumblr.com
Adriena,Echalie,aechalie14@pinterest.com
Pavlov,Pariss,ppariss15@g.co
Nanny,Dunbobbin,ndunbobbin16@de.vu
Port,Bagshawe,pbagshawe17@imgur.com
Alvan,Bicksteth,abicksteth18@shutterfly.com
Cameron,Cabotto,ccabotto19@pen.io
Hillyer,Boughey,hboughey1a@foxnews.com
Tobiah,Cleare,tcleare1b@globo.com
Isidro,Tilby,itilby1c@disqus.com
Fairlie,Gabby,fgabby1d@wikispaces.com
Donetta,Hoyes,dhoyes1e@alexa.com
Dulcine,Josefovic,djosefovic1f@buzzfeed.com
Giordano,Garrals,ggarrals1g@bing.com
Hilario,Bellenie,hbellenie1h@cnn.com
Germaine,Perigoe,gperigoe1i@phpbb.com
Langston,Gate,lgate1j@businesswire.com
Gearard,Torre,gtorre1k@parallels.com
Alfy,Yeandel,ayeandel1l@bbc.co.uk
Vere,Jandac,vjandac1m@ning.com
Ibrahim,Trubshaw,itrubshaw1n@ucoz.ru
Riordan,Mochan,rmochan1o@fotki.com
Jule,Birkenshaw,jbirkenshaw1p@flavors.me
Peggy,Alcido,palcido1q@opera.com
Alisander,Widdup,awiddup1r@sphinn.com
Estel,Witherup,ewitherup1s@youtu.be
Jorie,McMonnies,jmcmonnies1t@jimdo.com
Jule,Pilkinton,jpilkinton1u@exblog.jp
Henka,Gavrielli,hgavrielli1v@i2i.jp
Danyelle,Jursch,djursch1w@about.me
Florette,Bertie,fbertie1x@shareasale.com
Raquel,Geydon,rgeydon1y@blogger.com
Rubin,Meco,rmeco1z@amazon.co.uk
Nichol,Janiszewski,njaniszewski20@twitter.com
Ulberto,Bearham,ubearham21@drupal.org
Shawn,Sainer,ssainer22@nasa.gov
Raymond,Ceeley,rceeley23@virginia.edu
Virge,McKie,vmckie24@qq.com
Rosene,Stockton,rstockton25@yellowpages.com
Jackelyn,Guidera,jguidera26@4shared.com
Roderic,Bedward,rbedward27@salon.com
Dmitri,Wellard,dwellard28@dot.gov
Denny,Rantoull,drantoull29@csmonitor.com
Cicily,Tungay,ctungay2a@home.pl
Alix,Flanigan,aflanigan2b@weather.com
Cayla,Bagshawe,cbagshawe2c@hatena.ne.jp
Adrien,Enser,aenser2d@techcrunch.com
Siward,Cereceres,scereceres2e@wikimedia.org
Markos,Stemp,mstemp2f@cnn.com
Austina,Clemanceau,aclemanceau2g@google.de
Kay,Colcomb,kcolcomb2h@angelfire.com
Glennis,Maplethorp,gmaplethorp2i@hp.com
Aubrie,Fairpo,afairpo2j@army.mil
Ignazio,Worthington,iworthington2k@dedecms.com
Lyndy,Gable,lgable2l@fc2.com
Hildegarde,Lindeberg,hlindeberg2m@prlog.org
Hayes,Artist,hartist2n@gravatar.com
Vivyan,Matthews,vmatthews2o@opensource.org
Nico,Joskowicz,njoskowicz2p@accuweather.com
Sayers,Gosswell,sgosswell2q@google.es
Arabella,Burdus,aburdus2r@who.int
Babette,Hillan,bhillan2s@zimbio.com
Thomasine,Couzens,tcouzens2t@photobucket.com
Cleon,Ludlom,cludlom2u@intel.com
Kalindi,Astridge,kastridge2v@issuu.com
Monty,Zannini,mzannini2w@comcast.net
Ty,Nugent,tnugent2x@dagondesign.com
Garreth,Colleymore,gcolleymore2y@geocities.jp
Salvatore,Arnell,sarnell2z@bbc.co.uk
Godart,Skillman,gskillman30@sohu.com
Constantine,Basilone,cbasilone31@cdc.gov
Shepherd,Kahane,skahane32@histats.com
Denny,Meachem,dmeachem33@macromedia.com
Clayton,McWard,cmcward34@amazon.co.jp
Elvina,Garmanson,egarmanson35@earthlink.net
Malva,Mateev,mmateev36@issuu.com
Ainslee,Herion,aherion37@unicef.org
Celestyn,Helgass,chelgass38@google.com
Pierson,Mussett,pmussett39@ucoz.ru
Sada,Jobe,sjobe3a@webmd.com
Gus,Jindracek,gjindracek3b@hc360.com
Nichols,Masters,nmasters3c@over-blog.com
Robina,Trotter,rtrotter3d@usa.gov
Devy,Frisby,dfrisby3e@youku.com
Gianna,Domelaw,gdomelaw3f@cornell.edu
Antons,Gadie,agadie3g@unc.edu
Keely,Gotch,kgotch3h@sourceforge.net
Iorgos,Durston,idurston3i@prweb.com
Aeriela,Courtenay,acourtenay3j@usnews.com
Chevy,Bencher,cbencher3k@mayoclinic.com
Johnath,Farrance,jfarrance3l@tamu.edu
Ezequiel,Carlick,ecarlick3m@baidu.com
Maurise,Stansfield,mstansfield3n@flavors.me
Ariel,Ivankovic,aivankovic3o@globo.com
Ronna,Scrivin,rscrivin3p@cisco.com
Virgie,Nijssen,vnijssen3q@wsj.com
Rooney,Sacco,rsacco3r@intel.com
Corina,Peebles,cpeebles3s@illinois.edu
Whitney,Tatam,wtatam3t@who.int
Daryn,Thewlis,dthewlis3u@indiegogo.com
Shara,Haugeh,shaugeh3v@weibo.com
Dacia,Eccersley,deccersley3w@princeton.edu
Berny,Linsey,blinsey3x@squidoo.com
Robinet,Jeandon,rjeandon3y@godaddy.com
Noe,Pendlington,npendlington3z@hud.gov
Edan,Helks,ehelks40@freewebs.com
Guglielmo,Barday,gbarday41@smh.com.au
Adelice,Pearce,apearce42@ca.gov
Jenni,Parrington,jparrington43@biblegateway.com
Coreen,Lingfoot,clingfoot44@dion.ne.jp
Anissa,Brafield,abrafield45@disqus.com
Jefferey,Harris,jharris46@drupal.org
Amandi,Paradine,aparadine47@nytimes.com
Patrizia,Gut,pgut48@reddit.com
Daniel,Shirland,dshirland49@geocities.com
Nester,Whorlow,nwhorlow4a@cbc.ca
Tedie,Coaten,tcoaten4b@virginia.edu
Linet,Harm,lharm4c@smh.com.au
Grace,Northover,gnorthover4d@myspace.com
Kirstyn,Ruselin,kruselin4e@blog.com
Micah,Overal,moveral4f@umich.edu
Herculie,Marnes,hmarnes4g@creativecommons.org
Teodorico,Penton,tpenton4h@cbslocal.com
Viole,Sowrah,vsowrah4i@youtube.com
Corina,Higbin,chigbin4j@goodreads.com
Agata,Leggate,aleggate4k@latimes.com
Madonna,MacPeake,mmacpeake4l@com.com
Giulio,Luker,gluker4m@blog.com
Raychel,Gawne,rgawne4n@shareasale.com
Timmi,Di Biagi,tdibiagi4o@exblog.jp
Ash,Scarisbrick,ascarisbrick4p@mapy.cz
Jacquette,Ervine,jervine4q@smh.com.au
Rikki,Claesens,rclaesens4r@latimes.com
Gerry,Barents,gbarents4s@google.de
Clarey,Gudgion,cgudgion4t@ask.com
Brooks,Mighele,bmighele4u@washingtonpost.com
Renault,Zimmerman,rzimmerman4v@microsoft.com
Guido,Twelves,gtwelves4w@free.fr
Mamie,Byford,mbyford4x@wix.com
Mignon,Ashworth,mashworth4y@buzzfeed.com
Evonne,Denzilow,edenzilow4z@wufoo.com
Barth,McLukie,bmclukie50@list-manage.com
Colene,Bezant,cbezant51@rakuten.co.jp
Brietta,Bortolazzi,bbortolazzi52@feedburner.com
Adena,Robberecht,arobberecht53@gmpg.org
Hy,Mighele,hmighele54@narod.ru
Maryjo,Bernade,mbernade55@eventbrite.com
Mohammed,Wheelhouse,mwheelhouse56@ucla.edu
Anallise,Genty,agenty57@google.nl
Hershel,O'Regan,horegan58@tuttocitta.it
Elene,Kidner,ekidner59@illinois.edu
Carine,Brand,cbrand5a@w3.org
Zane,Pygott,zpygott5b@cbsnews.com
Anjela,Morsley,amorsley5c@statcounter.com
Noah,Gofford,ngofford5d@oaic.gov.au
Vina,Sandilands,vsandilands5e@51.la
Angus,Gwilym,agwilym5f@networkadvertising.org
Birgit,Stainer,bstainer5g@chicagotribune.com
Zachariah,McAlinion,zmcalinion5h@google.ru
Star,Whightman,swhightman5i@google.co.uk
Laverna,Tackle,ltackle5j@youtube.com
