first_name,last_name,email
Larry,Picard,lpicard0@marriott.com
Elwyn,Rootham,erootham1@i2i.jp
Hugo,Woodrooffe,hwoodrooffe2@cnn.com
Tiebout,Laurenty,tlaurenty3@deviantart.com
Donia,Gaffney,dgaffney4@artisteer.com
Boyd,Thecham,bthecham5@lycos.com
Paolina,Itzcovichch,pitzcovichch6@answers.com
Michail,M'Quhan,mmquhan7@ustream.tv
Ardeen,Rooksby,arooksby8@bloomberg.com
Prudi,Augustin,paugustin9@pinterest.com
Olga,Scales,oscalesa@tinyurl.com
Gauthier,Stutter,gstutterb@foxnews.com
Filip,Zecchini,fzecchinic@usnews.com
Martita,Trustie,mtrustied@nifty.com
Darlene,Kimber,dkimbere@yahoo.co.jp
Cordula,Blackhurst,cblackhurstf@w3.org
Cecilio,O'Currine,cocurrineg@addtoany.com
Elana,Oxberry,eoxberryh@printfriendly.com
Alis,Pellington,apellingtoni@weibo.com
Pooh,Linklet,plinkletj@4shared.com
Gradeigh,Jessel,gjesselk@simplemachines.org
Sidney,Dutson,sdutsonl@tuttocitta.it
Way,Poure,wpourem@indiegogo.com
Hildagard,Authers,hauthersn@statcounter.com
Filippo,Slarke,fslarkeo@vinaora.com
Gavra,Dorsett,gdorsettp@themeforest.net
Brander,Aronow,baronowq@xing.com
Terence,McCutheon,tmccutheonr@upenn.edu
Sunny,Crothers,scrotherss@usda.gov
Lin,Arro,larrot@weather.com
Gianni,Baud,gbaudu@angelfire.com
Pail,Danzig,pdanzigv@unc.edu
Petr,Weatherby,pweatherbyw@jiathis.com
Emiline,Usmar,eusmarx@census.gov
Starlene,Erni,serniy@uiuc.edu
Olivette,Stoffel,ostoffelz@ycombinator.com
Adella,Threlkeld,athrelkeld10@blogs.com
Yurik,Benoist,ybenoist11@usatoday.com
Flossi,O'Dempsey,fodempsey12@uiuc.edu
Ardelis,McAvin,amcavin13@boston.com
Jamison,Handscomb,jhandscomb14@sfgate.com
Lani,Parlour,lparlour15@google.com.hk
Belia,Lamond,blamond16@omniture.com
Northrup,Brashier,nbrashier17@icio.us
Mildred,Byway,mbyway18@elpais.com
Alisha,Dowyer,adowyer19@linkedin.com
Tommy,Godmar,tgodmar1a@oracle.com
Winifred,Gregs,wgregs1b@abc.net.au
Breanne,Allaway,ballaway1c@imgur.com
Katerina,Godsafe,kgodsafe1d@harvard.edu
Merle,Willars,mwillars1e@techcrunch.com
Elianore,Parke,eparke1f@wiley.com
Dominik,L'Hommee,dlhommee1g@sciencedaily.com
Malchy,Binnion,mbinnion1h@xing.com
Elaine,Nasey,enasey1i@harvard.edu
Corena,Karlowicz,ckarlowicz1j@nyu.edu
Derrek,Swetman,dswetman1k@spotify.com
Rickert,Gwatkins,rgwatkins1l@telegraph.co.uk
Nikaniki,Gulliman,ngulliman1m@flavors.me
Georgette,Canaan,gcanaan1n@google.co.uk
Kendall,Angell,kangell1o@people.com.cn
Putnam,Chillcot,pchillcot1p@omniture.com
Fay,Perfect,fperfect1q@etsy.com
Raffarty,Jervoise,rjervoise1r@sphinn.com
Margret,Stapforth,mstapforth1s@ihg.com
Twila,Noades,tnoades1t@usda.gov
Martino,Sharpus,msharpus1u@cornell.edu
Rozalie,Carabine,rcarabine1v@google.es
Anatollo,Schirach,aschirach1w@ihg.com
Hillie,Grube,hgrube1x@tamu.edu
Garvin,Mc Menamin,gmcmenamin1y@alibaba.com
Goraud,Tzarkov,gtzarkov1z@blinklist.com
Darrell,Castan,dcastan20@apache.org
Keary,Macia,kmacia21@europa.eu
Sallyann,Scantleberry,sscantleberry22@privacy.gov.au
Devin,Foux,dfoux23@acquirethisname.com
Florella,Oxtoby,foxtoby24@vimeo.com
Dixie,Dodshon,ddodshon25@rakuten.co.jp
Nestor,Serridge,nserridge26@freewebs.com
Wilton,Webberley,wwebberley27@theguardian.com
Berri,Wickliffe,bwickliffe28@sphinn.com
Vonni,Winspear,vwinspear29@unesco.org
Angelica,Yurocjhin,ayurocjhin2a@apache.org
Roseline,Mendonca,rmendonca2b@unc.edu
Amii,Fellgett,afellgett2c@ehow.com
Krystalle,Stocking,kstocking2d@wikipedia.org
Ruthy,Millhouse,rmillhouse2e@prweb.com
Aimee,Sobieski,asobieski2f@ftc.gov
Ulberto,Schrinel,uschrinel2g@xrea.com
Illa,Fluin,ifluin2h@chronoengine.com
Berkly,Crickmer,bcrickmer2i@arizona.edu
Karmen,Braley,kbraley2j@hexun.com
Roanna,Spohrmann,rspohrmann2k@timesonline.co.uk
Barde,Meldon,bmeldon2l@bloomberg.com
Germayne,Maisey,gmaisey2m@lycos.com
Idell,Memory,imemory2n@symantec.com
Rodney,Sebyer,rsebyer2o@stumbleupon.com
Millisent,Bullimore,mbullimore2p@furl.net
Peria,Gostage,pgostage2q@live.com
Husain,Newens,hnewens2r@csmonitor.com
Marleen,Haggarty,mhaggarty2s@desdev.cn
Yoshiko,Croisier,ycroisier2t@macromedia.com
Garrek,Elders,gelders2u@lycos.com
Mellie,Kalkofen,mkalkofen2v@jiathis.com
Oralla,Blasetti,oblasetti2w@psu.edu
Octavia,Riseley,oriseley2x@fastcompany.com
Kizzie,Waison,kwaison2y@hao123.com
Harriott,Nowick,hnowick2z@pcworld.com
Benetta,Orsi,borsi30@fc2.com
Timmie,Matterson,tmatterson31@miibeian.gov.cn
Baird,Heasley,bheasley32@sciencedaily.com
Sofie,Jacketts,sjacketts33@nationalgeographic.com
Wilton,Cathro,wcathro34@scribd.com
Orelee,Gerckens,ogerckens35@cdc.gov
Colleen,Pashby,cpashby36@unicef.org
Ainsley,Marsters,amarsters37@cnn.com
Dionne,McLuckie,dmcluckie38@sun.com
Graeme,Eseler,geseler39@bravesites.com
Didi,Weakley,dweakley3a@netvibes.com
Ganny,Fancott,gfancott3b@usnews.com
Gilberte,Sarvar,gsarvar3c@mtv.com
Mora,Hazard,mhazard3d@ucsd.edu
Trish,Eagger,teagger3e@microsoft.com
Shayna,Huxster,shuxster3f@imgur.com
Prue,Canton,pcanton3g@indiatimes.com
Brande,Piper,bpiper3h@businessweek.com
Waverley,McRobbie,wmcrobbie3i@aol.com
Nonna,Entres,nentres3j@mozilla.org
Olympia,Curd,ocurd3k@blogspot.com
Elane,Hallworth,ehallworth3l@omniture.com
Maggee,Portchmouth,mportchmouth3m@1und1.de
Kalle,MacLennan,kmaclennan3n@dot.gov
Marion,Lampard,mlampard3o@gov.uk
Torr,Brychan,tbrychan3p@plala.or.jp
Dunn,Itscowics,ditscowics3q@cpanel.net
Kit,Gabbott,kgabbott3r@nationalgeographic.com
Kitti,Domone,kdomone3s@nbcnews.com
Claudian,Bulch,cbulch3t@gov.uk
Jodie,Dowe,jdowe3u@japanpost.jp
Deane,Davage,ddavage3v@desdev.cn
Olivie,Lob,olob3w@nymag.com
Ingrid,Lassell,ilassell3x@a8.net
Jules,Durbyn,jdurbyn3y@dion.ne.jp
Chantal,Padginton,cpadginton3z@shareasale.com
Ozzy,Havenhand,ohavenhand40@tinyurl.com
Mable,Mation,mmation41@mysql.com
Marcile,Kohrding,mkohrding42@cyberchimps.com
Jeremy,Garforth,jgarforth43@cornell.edu
Aarika,Lawty,alawty44@bbb.org
Carmelita,Chettle,cchettle45@ibm.com
Ag,Rotherforth,arotherforth46@dailymotion.com
Jodi,Tiebe,jtiebe47@freewebs.com
Ferne,Dodding,fdodding48@cloudflare.com
Armando,Cavie,acavie49@xinhuanet.com
Gerty,Scherer,gscherer4a@engadget.com
Deanne,Stuttman,dstuttman4b@tuttocitta.it
Lorne,Gledhill,lgledhill4c@cbc.ca
Marissa,Theriot,mtheriot4d@artisteer.com
Shalom,Yanshinov,syanshinov4e@scientificamerican.com
Ruthann,Mumby,rmumby4f@twitter.com
Crista,Bau,cbau4g@elegantthemes.com
Edgard,Eskrick,eeskrick4h@friendfeed.com
Eustace,Levee,elevee4i@weebly.com
Engracia,Minmagh,eminmagh4j@buzzfeed.com
Kaela,Dyball,kdyball4k@patch.com
Miguel,Chastel,mchastel4l@nationalgeographic.com
Chrotoem,Ibbott,cibbott4m@a8.net
Ami,Hourihane,ahourihane4n@reference.com
Keefer,MacGray,kmacgray4o@ox.ac.uk
Novelia,Seyffert,nseyffert4p@google.es
Layne,Malkin,lmalkin4q@jugem.jp
Wanids,Nestle,wnestle4r@zdnet.com
Levon,Johncey,ljohncey4s@godaddy.com
Dorree,Vallentin,dvallentin4t@yahoo.com
Raffarty,Robertot,rrobertot4u@java.com
Anderea,Goodings,agoodings4v@exblog.jp
Tallie,Bebbell,tbebbell4w@jiathis.com
Karylin,Edeler,kedeler4x@cbsnews.com
Vinny,Alam,valam4y@jigsy.com
Panchito,Pesek,ppesek4z@google.pl
Thorny,Schonfelder,tschonfelder50@miitbeian.gov.cn
Isaiah,Leneve,ileneve51@twitter.com
Thaxter,Harriday,tharriday52@joomla.org
Dreddy,Hellwig,dhellwig53@lulu.com
Avie,Inott,ainott54@comcast.net
Grantham,Andrzej,gandrzej55@hc360.com
Gae,Welbourn,gwelbourn56@dot.gov
Dulciana,Dykins,ddykins57@slashdot.org
Bevvy,Crowder,bcrowder58@elegantthemes.com
Theo,Keunemann,tkeunemann59@microsoft.com
Chucho,Andreasson,candreasson5a@gizmodo.com
Patience,Blacktin,pblacktin5b@army.mil
Dawn,Rubberts,drubberts5c@time.com
Vasili,Braidwood,vbraidwood5d@scribd.com
Amandy,Kamen,akamen5e@edublogs.org
Sissie,Lyosik,slyosik5f@studiopress.com
Mateo,Halley,mhalley5g@europa.eu
Leoine,Lodin,llodin5h@earthlink.net
Bethany,Plait,bplait5i@wikipedia.org
Jory,Tomkins,jtomkins5j@aboutads.info
