id,first_name,last_name,email,gender
1,Leona,Robbeke,lrobbeke0@last.fm,Female
2,Angelique,Fleeming,afleeming1@fema.gov,Female
3,Farlee,Glanvill,fglanvill2@mysql.com,Male
4,Pattie,Valentetti,pvalentetti3@github.io,Female
5,Dallis,Houseago,dhouseago4@themeforest.net,Male
6,Florentia,Horwell,fhorwell5@cdc.gov,Bigender
7,Grady,De Angelis,gdeangelis6@yahoo.co.jp,Male
8,Wyatt,Whife,wwhife7@exblog.jp,Male
9,Quinn,Poles,qpoles8@skype.com,Male
10,Paxton,McMenamin,pmcmenamin9@networkadvertising.org,Male
11,Jolee,Smither,jsmithera@cmu.edu,Female
12,Gaultiero,Crome,gcromeb@hud.gov,Male
13,Tully,Blything,tblythingc@msn.com,Male
14,Olympe,Courtliff,ocourtliffd@toplist.cz,Female
15,Pansy,Maffucci,pmaffuccie@imageshack.us,Female
16,Catrina,Guillet,cguilletf@booking.com,Bigender
17,Kean,Lintill,klintillg@house.gov,Male
18,Maximo,Cockshutt,mcockshutth@drupal.org,Male
19,Lind,Sealey,lsealeyi@fc2.com,Male
20,Ernst,Atteridge,eatteridgej@eventbrite.com,Male
21,Meredeth,Lyes,mlyesk@google.fr,Male
22,Minne,Fashion,mfashionl@vistaprint.com,Genderfluid
23,Elliott,Cluet,ecluetm@xinhuanet.com,Male
24,Gayle,McKendry,gmckendryn@51.la,Polygender
25,Ira,Jeste,ijesteo@163.com,Female
26,Corty,Risborough,crisboroughp@smh.com.au,Male
27,Grant,Tolotti,gtolottiq@behance.net,Male
28,Malvin,Pelosi,mpelosir@hud.gov,Male
29,Saw,Fortnam,sfortnams@narod.ru,Male
30,Elie,Ellissen,eellissent@nifty.com,Female
31,Tallou,Dobbs,tdobbsu@yahoo.com,Female
32,Sibbie,Dawley,sdawleyv@diigo.com,Female
33,Niles,Eplett,neplettw@studiopress.com,Male
34,Godwin,Buey,gbueyx@sbwire.com,Male
35,Hewie,Clemmitt,hclemmitty@sciencedirect.com,Male
36,Blythe,Otton,bottonz@studiopress.com,Female
37,Cointon,Danne,cdanne10@wiley.com,Male
38,Pebrook,Wharram,pwharram11@msu.edu,Male
39,Walsh,Choake,wchoake12@wisc.edu,Male
40,Ilario,McGarrell,imcgarrell13@stanford.edu,Male
41,Dorelle,Hobbema,dhobbema14@go.com,Female
42,Claudius,Dampier,cdampier15@alexa.com,Male
43,Maximo,Pontain,mpontain16@discuz.net,Male
44,Hanna,McQuorkell,hmcquorkell17@bloomberg.com,Female
45,Josie,Ricciardo,jricciardo18@mayoclinic.com,Female
46,Kakalina,Strutt,kstrutt19@ameblo.jp,Female
47,Millard,Schole,mschole1a@ted.com,Male
48,Susana,Cosgrive,scosgrive1b@dedecms.com,Female
49,Kira,Hammerman,khammerman1c@delicious.com,Bigender
50,Lettie,Mardlin,lmardlin1d@ucoz.com,Female
51,Rosette,Edmenson,redmenson1e@constantcontact.com,Female
52,Madelina,Talman,mtalman1f@columbia.edu,Female
53,Shannan,Laurenz,slaurenz1g@chicagotribune.com,Male
54,Gretal,Doppler,gdoppler1h@booking.com,Female
55,Ester,Cauderlie,ecauderlie1i@toplist.cz,Female
56,Denice,Schach,dschach1j@ask.com,Female
57,Hurley,MacSharry,hmacsharry1k@nba.com,Male
58,Jere,McConnell,jmcconnell1l@i2i.jp,Male
59,Ilario,Attenbrough,iattenbrough1m@nhs.uk,Male
60,Rodrigo,Broadberrie,rbroadberrie1n@elpais.com,Male
61,Darci,Sire,dsire1o@answers.com,Agender
62,Ike,Dies,idies1p@arizona.edu,Male
63,Daisie,Rubinsohn,drubinsohn1q@baidu.com,Female
64,Agosto,Assard,aassard1r@bloglines.com,Male
65,Evelin,Greave,egreave1s@washingtonpost.com,Male
66,Windy,Osselton,wosselton1t@abc.net.au,Female
67,Hynda,MacSorley,hmacsorley1u@wisc.edu,Female
68,Wandie,Cornilli,wcornilli1v@pbs.org,Female
69,Roxane,Carcass,rcarcass1w@zimbio.com,Female
70,Fanechka,Pugh,fpugh1x@github.io,Polygender
71,Gustavus,Wolstencroft,gwolstencroft1y@washingtonpost.com,Male
72,Philipa,Lavers,plavers1z@vk.com,Female
73,Ashley,Drinkeld,adrinkeld20@spiegel.de,Male
74,Florina,Amis,famis21@phpbb.com,Female
75,Myrvyn,Bywaters,mbywaters22@theatlantic.com,Non-binary
76,Werner,Fideler,wfideler23@cocolog-nifty.com,Male
77,Vonny,Dickings,vdickings24@liveinternet.ru,Female
78,Ethel,Drover,edrover25@gnu.org,Female
79,Gerti,Cato,gcato26@ted.com,Polygender
80,Geoffrey,Schroder,gschroder27@webmd.com,Male
81,Graig,Osburn,gosburn28@booking.com,Agender
82,Geordie,Krystof,gkrystof29@freewebs.com,Male
83,Claribel,Tennet,ctennet2a@bloomberg.com,Female
84,Ryon,Dincke,rdincke2b@constantcontact.com,Male
85,Hamil,Mainstone,hmainstone2c@huffingtonpost.com,Male
86,Brina,Konrad,bkonrad2d@baidu.com,Female
87,Smith,Bodechon,sbodechon2e@ibm.com,Male
88,Cari,Anthill,canthill2f@springer.com,Female
89,Hercule,Kiss,hkiss2g@nydailynews.com,Male
90,Lura,MacGaffey,lmacgaffey2h@geocities.jp,Female
91,Archibaldo,Shoorbrooke,ashoorbrooke2i@wikipedia.org,Male
92,Mersey,Allans,mallans2j@eventbrite.com,Female
93,Antonetta,Itzcovichch,aitzcovichch2k@bbb.org,Bigender
94,Penni,Coombs,pcoombs2l@linkedin.com,Female
95,Randolf,Shemmin,rshemmin2m@sogou.com,Male
96,Hillel,Selland,hselland2n@opera.com,Male
97,Mildred,Eccleston,meccleston2o@intel.com,Female
98,Robyn,Bavister,rbavister2p@telegraph.co.uk,Female
99,Orella,Michel,omichel2q@angelfire.com,Female
100,Lolly,Fenimore,lfenimore2r@clickbank.net,Female
101,Mel,Huie,mhuie2s@geocities.jp,Female
102,Rosabella,Kinworthy,rkinworthy2t@wisc.edu,Female
103,Roseanne,Jurczik,rjurczik2u@wikispaces.com,Female
104,Rowland,Cussons,rcussons2v@businessweek.com,Male
105,Jeff,Kleinsinger,jkleinsinger2w@ihg.com,Male
106,Erika,Djokovic,edjokovic2x@cbslocal.com,Female
107,Vivi,Keetley,vkeetley2y@cocolog-nifty.com,Female
108,Lynelle,Fridaye,lfridaye2z@who.int,Female
109,Lucy,Thurlbeck,lthurlbeck30@jugem.jp,Genderqueer
110,Verge,Muttitt,vmuttitt31@gov.uk,Male
111,Lorilyn,Eitter,leitter32@webeden.co.uk,Female
112,Brandie,Jandel,bjandel33@dyndns.org,Female
113,Borden,Masselin,bmasselin34@tumblr.com,Male
114,Giffy,Gounin,ggounin35@istockphoto.com,Male
115,Morse,Short,mshort36@webeden.co.uk,Male
116,Andy,Emmanueli,aemmanueli37@hud.gov,Male
117,Chandal,Maryska,cmaryska38@auda.org.au,Female
118,Simeon,Flageul,sflageul39@craigslist.org,Male
119,Markus,Minero,mminero3a@redcross.org,Male
120,Frasco,Saltmarshe,fsaltmarshe3b@cyberchimps.com,Male
121,Niels,Hasselby,nhasselby3c@wiley.com,Bigender
122,Guthrey,Tumasian,gtumasian3d@upenn.edu,Genderfluid
123,Rianon,Pidgen,rpidgen3e@storify.com,Female
124,Spence,Patek,spatek3f@tripadvisor.com,Male
125,Micheal,McEvon,mmcevon3g@infoseek.co.jp,Male
126,Haleigh,Knowller,hknowller3h@earthlink.net,Male
127,Jacquenetta,Hagston,jhagston3i@amazon.co.jp,Agender
128,Darnell,Madeley,dmadeley3j@1688.com,Male
129,Clark,Gladwin,cgladwin3k@nbcnews.com,Male
130,Tris,Jaquemar,tjaquemar3l@soup.io,Male
131,Tricia,Georgeau,tgeorgeau3m@huffingtonpost.com,Female
132,Emelina,Zack,ezack3n@tinyurl.com,Genderfluid
133,Charlie,Saxby,csaxby3o@microsoft.com,Male
134,Othilie,Medforth,omedforth3p@zdnet.com,Female
135,Fania,Angeau,fangeau3q@addthis.com,Female
136,Yul,Gauvin,ygauvin3r@intel.com,Male
137,Patten,Griswood,pgriswood3s@squidoo.com,Male
138,Dannel,Shimman,dshimman3t@slashdot.org,Male
139,Perice,Lapsley,plapsley3u@msu.edu,Male
140,Abbot,Brownsey,abrownsey3v@symantec.com,Male
141,Quinn,Gepheart,qgepheart3w@bing.com,Male
142,Elianora,Laytham,elaytham3x@purevolume.com,Female
143,Anitra,Ponde,aponde3y@zimbio.com,Female
144,Tab,Murray,tmurray3z@kickstarter.com,Male
145,Christiane,Suter,csuter40@cdbaby.com,Female
146,Corrianne,Olyonov,colyonov41@slideshare.net,Female
147,Suzette,Gooderick,sgooderick42@yandex.ru,Female
148,Egbert,Hesbrook,ehesbrook43@springer.com,Male
149,Ki,Howard,khoward44@tripod.com,Female
150,Carlen,Burgise,cburgise45@shareasale.com,Female
151,Mercy,Kunz,mkunz46@thetimes.co.uk,Female
152,Greg,Stemson,gstemson47@tuttocitta.it,Male
153,Lothaire,Pickthall,lpickthall48@ebay.co.uk,Male
154,Kristoforo,Boddice,kboddice49@home.pl,Male
155,Wandie,Dymidowski,wdymidowski4a@deliciousdays.com,Female
156,Rubin,Driver,rdriver4b@cbsnews.com,Male
157,Elfrida,Joron,ejoron4c@mac.com,Female
158,Dawn,Micklewicz,dmicklewicz4d@wikispaces.com,Female
159,Horatia,Scrinage,hscrinage4e@admin.ch,Female
160,Lorilyn,Banaszewski,lbanaszewski4f@example.com,Agender
161,Jackquelin,Sabberton,jsabberton4g@icio.us,Female
162,Yolanthe,Fidell,yfidell4h@umich.edu,Female
163,Carmine,Dallas,cdallas4i@slideshare.net,Male
164,Abrahan,Stringman,astringman4j@nymag.com,Male
165,Donalt,Burdfield,dburdfield4k@sohu.com,Male
166,Mal,Poxton,mpoxton4l@privacy.gov.au,Male
167,Gwyn,Bowdidge,gbowdidge4m@usatoday.com,Female
168,Rafaellle,Nealey,rnealey4n@home.pl,Male
169,Jude,Wallsam,jwallsam4o@ovh.net,Male
170,Ronda,Stickells,rstickells4p@time.com,Female
171,Fredek,Greenstreet,fgreenstreet4q@barnesandnoble.com,Male
172,Babette,Lagen,blagen4r@uol.com.br,Female
173,Don,Maidstone,dmaidstone4s@ftc.gov,Male
174,Joey,Kelso,jkelso4t@accuweather.com,Female
175,Jeni,Flahive,jflahive4u@furl.net,Female
176,Ede,Jammet,ejammet4v@unblog.fr,Female
177,Shirley,Gallelli,sgallelli4w@istockphoto.com,Female
178,Konrad,Heeks,kheeks4x@godaddy.com,Male
179,Brennen,Steade,bsteade4y@linkedin.com,Male
180,Bradney,Treherne,btreherne4z@altervista.org,Male
181,Nickolai,MacMeanma,nmacmeanma50@prlog.org,Male
182,Drusy,Cordero,dcordero51@reverbnation.com,Female
183,Carmela,McLardie,cmclardie52@ustream.tv,Female
184,Bernie,Lazonby,blazonby53@kickstarter.com,Male
185,Antonella,Lougheed,alougheed54@infoseek.co.jp,Female
186,Kellby,Heindl,kheindl55@whitehouse.gov,Male
187,Philippine,Beves,pbeves56@dedecms.com,Genderfluid
188,Carlina,Gisby,cgisby57@webs.com,Female
189,Angelita,Brosi,abrosi58@fotki.com,Genderqueer
190,John,Graith,jgraith59@java.com,Male
191,Torey,Verbeke,tverbeke5a@pcworld.com,Male
192,Celestine,Slimme,cslimme5b@examiner.com,Female
193,Jonah,Kingcote,jkingcote5c@cmu.edu,Male
194,Hulda,Streetley,hstreetley5d@whitehouse.gov,Female
195,Bibbie,Egre,begre5e@cdbaby.com,Female
196,Amye,Beaten,abeaten5f@timesonline.co.uk,Female
197,Giffer,Drohun,gdrohun5g@sciencedirect.com,Male
198,Carmita,Beel,cbeel5h@newsvine.com,Female
199,Carly,Gladdish,cgladdish5i@behance.net,Female
200,Jehanna,Lambertazzi,jlambertazzi5j@netlog.com,Female
